{
  "refined_groups": [
    "Abstract",
    "Organism",
    "Attribute"
  ],
  "version": "1.0",
  "group_stats": {
    "Abstract": {
      "siblings": [
        "Concept",
        "Quantity",
        "SetOrClass"
      ],
      "pre_accuracy": 0.8666666666666667,
      "post_accuracy": 1.0,
      "improvement": 0.1333333333333333,
      "epochs": 20,
      "time": 9.826499700546265
    },
    "Organism": {
      "siblings": [
        "Animal",
        "Plant"
      ],
      "pre_accuracy": 0.9,
      "post_accuracy": 0.9833333333333333,
      "improvement": 0.08333333333333326,
      "epochs": 20,
      "time": 5.257883310317993
    },
    "Attribute": {
      "siblings": [
        "AttackPattern",
        "PhysicalQuantity"
      ],
      "pre_accuracy": 0.9333333333333333,
      "post_accuracy": 0.9833333333333333,
      "improvement": 0.04999999999999993,
      "epochs": 20,
      "time": 5.473809242248535
    }
  }
}