{
  "lens_pack_id": "apertus-8b_first-light",
  "concept_pack_id": "first-light",
  "timestamp": "2025-12-13T14:55:48.282044+00:00",
  "cycles_completed": 2,
  "max_cycles": 30,
  "mode": "full",
  "cycle_history": [
    {
      "cycle": 1,
      "in_top_k_rate": 0.05233153047800029,
      "under_firing": 6483,
      "over_firing": 0,
      "improvement": 0.05233153047800029
    },
    {
      "cycle": 2,
      "in_top_k_rate": 0.025873410320128635,
      "under_firing": 6664,
      "over_firing": 0,
      "improvement": -0.02645812015787166
    }
  ],
  "final_in_top_k_rate": 0.025873410320128635
}